{
  "main": "acme-banking-api.yaml",
  "name": "ACME Banking API",
  "classifier": "oas",
  "tags": [],
  "descriptorVersion": "1.0.0",
  "groupId": "738ccbfe-38ff-4635-b0e6-75ae9fb658cf",
  "assetId": "acme-banking-api",
  "version": "1.0.0",
  "dependencies": [
    {
      "groupId": "738ccbfe-38ff-4635-b0e6-75ae9fb658cf",
      "assetId": "banking-datatypes",
      "version": "1.0.0",
      "classifier": "oas-components",
      "packaging": "zip"
    }
  ],
  "organizationId": "738ccbfe-38ff-4635-b0e6-75ae9fb658cf",
  "apiVersion": "v1",
  "originalFormatVersion": "3.0"
}