{
  "main": "acme-banking-api.yaml",
  "name": "ACME Banking API",
  "classifier": "oas",
  "tags": [],
  "descriptorVersion": "1.0.0",
  "organizationId": "9fe9524f-6d86-4c43-b91b-ab5f372a3cf5",
  "apiVersion": "v1",
  "originalFormatVersion": "3.0",
  "dependencies": [
    {
      "groupId": "9fe9524f-6d86-4c43-b91b-ab5f372a3cf5",
      "assetId": "banking-datatypes",
      "version": "1.0.0",
      "packaging": "zip"
    },
    {
      "groupId": "68ef9520-24e9-4cf2-b2f5-620025690913",
      "assetId": "https-enforcement",
      "version": "1.2.0",
      "scope": "validation",
      "packaging": "zip"
    },
    {
      "groupId": "68ef9520-24e9-4cf2-b2f5-620025690913",
      "assetId": "authentication-security-best-practices",
      "version": "1.1.0",
      "scope": "validation",
      "packaging": "zip"
    }
  ],
  "groupId": "9fe9524f-6d86-4c43-b91b-ab5f372a3cf5",
  "assetId": "acme-banking-api",
  "version": "1.0.1"
}